{
    "run_type": "joint_omm_1.0_shift_5_15_25",
    "num_runs": 4,
    "gridroom_64": {
        "mean_cos_sim": 0.4296220690011978,
        "std_dev_cos_sim": 0.010836770448180167,
        "max_cos_sim": 0.4449669420719147
    }
}