{
    "run_type": "seq_omm_1.0_shift_5_15_25",
    "num_runs": 4,
    "gridroom_1": {
        "mean_cos_sim": 0.9954966306686401,
        "std_dev_cos_sim": 0.0001786022124942635,
        "max_cos_sim": 0.9955997467041016
    }
}