{
    "run_type": "seq_omm_1.0_shift_5_15_25",
    "num_runs": 4,
    "gridroom_64": {
        "mean_cos_sim": 0.39334822446107864,
        "std_dev_cos_sim": 0.08775539068725692,
        "max_cos_sim": 0.47154271602630615
    }
}