{
    "steps": [
        1,
        200,
        400,
        600,
        800,
        1000
    ],
    "cos_sim": [
        0.25774794816970825,
        0.3973070979118347,
        0.45052045583724976,
        0.5791173577308655,
        0.6055029034614563,
        0.6346734166145325
    ],
    "loss_total": [
        0,
        -0.6798689961433411,
        -139.5189971923828,
        -157.11875915527344,
        -161.55807495117188,
        -169.58685302734375
    ],
    "final_cos_sim": 0.6346734166145325,
    "final_loss_total": -169.58685302734375
}