{
    "steps": [
        1,
        200,
        400,
        600,
        800,
        1000
    ],
    "cos_sim": [
        0.2577475905418396,
        0.4024944305419922,
        0.4729795455932617,
        0.5835059285163879,
        0.6087319850921631,
        0.6317448616027832
    ],
    "loss_total": [
        0,
        -0.6798689961433411,
        -140.03460693359375,
        -156.94041442871094,
        -164.7088623046875,
        -169.7495880126953
    ],
    "final_cos_sim": 0.6317448616027832,
    "final_loss_total": -169.7495880126953
}