{
    "steps": [
        1,
        200,
        400,
        600,
        800,
        1000
    ],
    "cos_sim": [
        0.2577480375766754,
        0.40478515625,
        0.49942100048065186,
        0.5749990940093994,
        0.5780562162399292,
        0.623394250869751
    ],
    "loss_total": [
        0,
        -0.6798689961433411,
        -140.1107635498047,
        -157.93124389648438,
        -163.25527954101562,
        -169.99037170410156
    ],
    "final_cos_sim": 0.623394250869751,
    "final_loss_total": -169.99037170410156
}