{
    "steps": [
        1,
        200,
        400,
        600,
        800,
        1000
    ],
    "cos_sim": [
        0.1898995339870453,
        0.32787832617759705,
        0.26634588837623596,
        0.24405786395072937,
        0.2554174065589905,
        0.27176010608673096
    ],
    "loss_total": [
        0,
        -1.0301793813705444,
        -218.29576110839844,
        -264.95159912109375,
        -265.433349609375,
        -251.88551330566406
    ],
    "final_cos_sim": 0.27176010608673096,
    "final_loss_total": -251.88551330566406
}