{
    "steps": [
        1,
        200,
        400,
        600,
        800,
        1000
    ],
    "cos_sim": [
        0.2196597307920456,
        0.32506754994392395,
        0.39032846689224243,
        0.5217266082763672,
        0.6041766405105591,
        0.6243836879730225
    ],
    "loss_total": [
        0,
        -0.9100343585014343,
        -193.16734313964844,
        -207.1079864501953,
        -224.85350036621094,
        -231.5077667236328
    ],
    "final_cos_sim": 0.6243836879730225,
    "final_loss_total": -231.5077667236328
}